insert into compania (id, nombre) values
(1, 'LAN'),
(2, 'Sky'),
(3, 'Aero');

insert into avion (id, modelo, cant_vuelos, fecha_compra, id_compania) values
(1,'Boeing 737', 100, '2023-01-15 10:23:00', 1),
(2,'Airbus A320', 80, '2022-05-20 14:45:00', 2),
(3,'Embraer E190', 60, '2021-11-10 09:30:00', 3),
(4,'Boeing 777', 150, '2024-02-05 16:12:00', 1),
(5,'Airbus A380', 120, '2023-07-08 08:17:00', 2),
(6,'Bombardier Q400', 90, '2022-03-25 11:05:00', 3),
(7,'Boeing 737', 110, '2022-12-03 13:40:00', 1),
(8,'Airbus A320', 70, '2021-09-18 07:58:00', 2),
(9,'Embraer E190', 50, '2020-04-30 15:22:00', 3),
(10,'Boeing 777', 140, '2024-01-12 10:35:00', 1),
(11,'Airbus A380', 130, '2023-06-27 12:55:00', 2),
(12,'Bombardier Q400', 100, '2022-08-15 09:15:00', 3),
(13,'Boeing 737', 95, '2023-04-20 08:30:00', 1),
(14,'Airbus A320', 85, '2022-10-10 14:20:00', 2),
(15,'Embraer E190', 65, '2021-05-05 10:10:00', 3),
(16,'Boeing 777', 145, '2024-03-18 13:25:00', 1),
(17,'Airbus A380', 125, '2023-08-12 16:45:00', 2),
(18,'Bombardier Q400', 95, '2022-05-30 08:50:00', 3),
(19,'Boeing 737', 105, '2023-01-03 12:15:00', 1),
(20,'Airbus A320', 75, '2022-06-22 09:35:00', 2),
(21,'Embraer E190', 55, '2021-12-17 15:00:00', 3),
(22,'Boeing 777', 135, '2024-02-25 11:55:00', 1),
(23,'Airbus A380', 115, '2023-07-28 10:40:00', 2),
(24,'Bombardier Q400', 105, '2022-04-12 12:30:00', 3),
(25,'Boeing 737', 115, '2022-11-05 14:50:00', 1),
(26,'Airbus A320', 65, '2021-07-13 11:45:00', 2),
(27,'Embraer E190', 45, '2020-03-08 08:20:00', 3),
(28,'Boeing 777', 155, '2024-04-10 09:10:00', 1),
(29,'Airbus A380', 135, '2023-09-05 14:15:00', 2),
(30,'Bombardier Q400', 110, '2022-06-18 10:00:00', 3),
(31,'Boeing 737', 120, '2022-12-30 13:20:00', 1),
(32,'Airbus A320', 80, '2022-05-25 16:30:00', 2),
(33,'Embraer E190', 60, '2021-11-20 09:00:00', 3),
(34,'Boeing 777', 150, '2024-02-15 11:40:00', 1),
(35,'Airbus A380', 125, '2023-07-18 08:45:00', 2),
(36,'Bombardier Q400', 100, '2022-03-05 13:50:00', 3),
(37,'Boeing 737', 110, '2022-10-10 15:10:00', 1),
(38,'Airbus A320', 75, '2021-06-01 09:25:00', 2),
(39,'Embraer E190', 55, '2021-01-15 14:35:00', 3),
(40,'Boeing 777', 145, '2024-01-28 08:55:00', 1),
(41,'Airbus A380', 120, '2023-06-22 11:15:00', 2),
(42,'Bombardier Q400', 95, '2022-01-10 15:40:00', 3),
(43,'Boeing 737', 105, '2022-08-05 10:20:00', 1),
(44,'Airbus A320', 70, '2021-03-10 12:55:00', 2),
(45,'Embraer E190', 50, '2020-10-28 16:20:00', 3),
(46,'Boeing 777', 140, '2023-12-20 09:30:00', 1),
(47,'Airbus A380', 115, '2023-05-15 10:45:00', 2),
(48,'Bombardier Q400', 90, '2021-12-03 14:00:00', 3),
(49,'Boeing 737', 100, '2022-09-15 08:35:00', 1),
(50,'Airbus A320', 65, '2021-04-05 10:10:00', 2),
(51,'Embraer E190', 45, '2020-11-25 12:25:00', 3),
(52,'Boeing 777', 135, '2023-11-18 09:50:00', 1),
(53,'Airbus A380', 110, '2023-04-12 08:30:00', 2),
(54,'Bombardier Q400', 85, '2021-10-10 11:20:00', 3),
(55,'Boeing 737', 95, '2022-06-05 13:45:00', 1),
(56,'Airbus A320', 60, '2021-01-20 15:00:00', 2),
(57,'Embraer E190', 40, '2020-08-15 08:10:00', 3),
(58,'Boeing 777', 130, '2023-10-10 10:35:00', 1),
(59,'Airbus A380', 105, '2023-03-05 11:55:00', 2),
(60,'Bombardier Q400', 80, '2021-09-02 14:25:00', 3),
(61,'Boeing 737', 90, '2022-04-25 08:40:00', 1),
(62,'Airbus A320', 55, '2020-11-15 10:45:00', 2),
(63,'Embraer E190', 35, '2020-06-10 12:15:00', 3),
(64,'Boeing 777', 125, '2023-09-03 09:30:00', 1),
(65,'Airbus A380', 100, '2023-01-30 08:25:00', 2),
(66,'Bombardier Q400', 75, '2021-06-18 11:50:00', 3),
(67,'Boeing 737', 85, '2022-02-05 13:10:00', 1),
(68,'Airbus A320', 50, '2020-09-20 15:20:00', 2),
(69,'Embraer E190', 30, '2020-04-15 08:40:00', 3),
(70,'Boeing 777', 120, '2023-08-20 10:55:00', 1),
(71,'Airbus A380', 95, '2023-01-15 11:45:00', 2),
(72,'Bombardier Q400', 70, '2021-05-05 13:30:00', 3),
(73,'Boeing 737', 80, '2021-12-30 08:50:00', 1),
(74,'Airbus A320', 45, '2020-08-15 10:15:00', 2),
(75,'Embraer E190', 25, '2020-03-10 12:30:00', 3),
(76,'Boeing 777', 115, '2023-07-03 09:40:00', 1),
(77,'Airbus A380', 90, '2022-11-25 08:35:00', 2),
(78,'Bombardier Q400', 65, '2021-04-15 11:20:00', 3),
(79,'Boeing 737', 75, '2021-11-10 13:00:00', 1),
(80,'Airbus A320', 40, '2020-06-05 15:45:00', 2),
(81,'Embraer E190', 20, '2020-01-01 08:20:00', 3),
(82,'Boeing 777', 110, '2023-05-15 10:50:00', 1),
(83,'Airbus A380', 85, '2022-10-10 09:25:00', 2),
(84,'Bombardier Q400', 60, '2021-03-25 12:40:00', 3),
(85,'Boeing 737', 70, '2021-10-20 14:15:00', 1),
(86,'Airbus A320', 35, '2020-04-10 16:30:00', 2),
(87,'Embraer E190', 15, '2019-11-05 08:45:00', 3);

insert into cliente (id, nombre, apellido, nacionalidad, rut) values
(1, 'Juan', 'Pérez', 'Chilena', '12345678-9'),
(2, 'María', 'González', 'Argentina', '98765432-1'),
(3, 'Carlos', 'López', 'Uruguaya', '56789012-3'),
(4, 'Luis', 'Martínez', 'Peruana', '34567890-1'),
(5, 'Ana', 'Sánchez', 'Colombiana', '87654321-0'),
(6, 'Elena', 'Rodríguez', 'Chilena', '23456789-1'),
(7, 'Diego', 'Fernández', 'Argentino', '76543210-2'),
(8, 'Laura', 'Gómez', 'Uruguaya', '45678901-3'),
(9, 'Miguel', 'Pérez', 'Colombiano', '65432109-4'),
(10, 'Isabel', 'López', 'Peruana', '54321098-5'),
(11, 'Pedro', 'Martínez', 'Chileno', '98765432-1'),
(12, 'Andrea', 'González', 'Argentina', '23456789-2'),
(13, 'Jorge', 'Sánchez', 'Uruguayo', '87654321-3'),
(14, 'Carolina', 'Rodríguez', 'Colombiana', '34567890-4'),
(15, 'Fernando', 'Fernández', 'Peruano', '65432109-5'),
(16, 'Camila', 'Gómez', 'Chilena', '54321098-6'),
(17, 'Daniel', 'Pérez', 'Argentino', '98765432-2'),
(18, 'Sofía', 'López', 'Uruguaya', '23456789-3'),
(19, 'Alejandro', 'Martínez', 'Colombiano', '87654321-4'),
(20, 'Valentina', 'González', 'Peruana', '34567890-5'),
(21, 'Lucas', 'Sánchez', 'Chileno', '65432109-6'),
(22, 'Natalia', 'Rodríguez', 'Argentina', '54321098-7'),
(23, 'Martín', 'Fernández', 'Uruguayo', '98765432-3'),
(24, 'Antonella', 'Gómez', 'Colombiana', '23456789-4'),
(25, 'Matías', 'Pérez', 'Peruano', '87654321-5'),
(26, 'Valeria', 'López', 'Chilena', '34567890-6'),
(27, 'Agustín', 'Martínez', 'Argentino', '65432109-7'),
(28, 'Gabriela', 'González', 'Uruguaya', '54321098-8'),
(29, 'Tomás', 'Sánchez', 'Colombiano', '98765432-4'),
(30, 'Antonia', 'Rodríguez', 'Peruana', '23456789-5'),
(31, 'Felipe', 'Fernández', 'Chileno', '87654321-6'),
(32, 'Isabella', 'Gómez', 'Argentina', '34567890-7'),
(33, 'Sebastián', 'Pérez', 'Uruguayo', '65432109-8'),
(34, 'Josefina', 'López', 'Colombiana', '54321098-9'),
(35, 'Maximiliano', 'Martínez', 'Peruano', '98765432-5'),
(36, 'Catalina', 'González', 'Chilena', '23456789-6'),
(37, 'Emilio', 'Sánchez', 'Argentino', '87654321-7'),
(38, 'Daniela', 'Rodríguez', 'Uruguaya', '34567890-8'),
(39, 'Bruno', 'Fernández', 'Colombiano', '65432109-9'),
(40, 'Valentina', 'Gómez', 'Peruana', '54321098-0'),
(41, 'Gabriel', 'Pérez', 'Chileno', '98765432-6'),
(42, 'Valeria', 'López', 'Argentina', '23456789-7'),
(43, 'Diego', 'Martínez', 'Uruguayo', '87654321-8'),
(44, 'Isabella', 'González', 'Colombiana', '34567890-9'),
(45, 'Matías', 'Sánchez', 'Peruano', '65432109-0'),
(46, 'Antonia', 'Rodríguez', 'Chilena', '54321098-1'),
(47, 'Nicolás', 'Fernández', 'Argentino', '98765432-7'),
(48, 'Florencia', 'Gómez', 'Uruguaya', '23456789-8'),
(49, 'Luciano', 'Pérez', 'Colombiano', '87654321-9'),
(50, 'María José', 'López', 'Peruana', '34567890-0'),
(51, 'Ignacio', 'Martínez', 'Chileno', '65432109-1'),
(52, 'Valentina', 'González', 'Argentina', '54321098-2'),
(53, 'Agustina', 'Sánchez', 'Uruguaya', '98765432-8'),
(54, 'Tomás', 'Rodríguez', 'Colombiana', '23456789-9'),
(55, 'Antonella', 'Fernández', 'Peruana', '87654321-0'),
(56, 'Santiago', 'Gómez', 'Chileno', '34567890-1'),
(57, 'Emilia', 'Pérez', 'Argentina', '65432109-2'),
(58, 'Benjamín', 'López', 'Uruguayo', '54321098-3'),
(59, 'Valentina', 'Martínez', 'Colombiana', '98765432-9'),
(60, 'Lucas', 'González', 'Peruano', '23456789-0'),
(61, 'Martina', 'Sánchez', 'Chilena', '87654321-1'),
(62, 'Joaquín', 'Rodríguez', 'Argentino', '34567890-2'),
(63, 'María José', 'Fernández', 'Uruguaya', '65432109-3'),
(64, 'Matías', 'Gómez', 'Colombiano', '54321098-4'),
(65, 'Isabella', 'Pérez', 'Peruana', '98765432-0'),
(66, 'Lucía', 'López', 'Chilena', '23456789-1'),
(67, 'Juan José', 'Martínez', 'Argentina', '87654321-2'),
(68, 'Antonia', 'González', 'Uruguaya', '34567890-3'),
(69, 'Tomás', 'Sánchez', 'Colombiano', '65432109-4'),
(70, 'Valentina', 'Rodríguez', 'Peruana', '54321098-5'),
(71, 'Emiliano', 'Fernández', 'Chileno', '98765432-1'),
(72, 'Isidora', 'Gómez', 'Argentino', '23456789-2'),
(73, 'Matías', 'Pérez', 'Uruguayo', '87654321-3'),
(74, 'Valentina', 'López', 'Colombiano', '34567890-4'),
(75, 'Lucas', 'Martínez', 'Peruana', '65432109-5'),
(76, 'Catalina', 'González', 'Chilena', '54321098-6'),
(77, 'Martín', 'Sánchez', 'Argentina', '98765432-2'),
(78, 'Antonia', 'Rodríguez', 'Uruguaya', '23456789-3'),
(79, 'Juan Pablo', 'Fernández', 'Colombiano', '87654321-5'),
(80, 'Sofía', 'Gómez', 'Peruano', '34567890-6'),
(81, 'Joaquín', 'Pérez', 'Chileno', '65432109-7'),
(82, 'Emilia', 'López', 'Argentino', '54321098-8'),
(83, 'Benjamín', 'Martínez', 'Uruguaya', '98765432-3'),
(84, 'Valentina', 'González', 'Colombiano', '23456789-4'),
(85, 'Santiago', 'Sánchez', 'Peruana', '87654321-6'),
(86, 'Emilia', 'Rodríguez', 'Chilena', '34567890-7'),
(87, 'Benjamín', 'Fernández', 'Argentina', '65432109-8'),
(88, 'Martina', 'Gómez', 'Uruguaya', '54321098-9'),
(89, 'Luciano', 'Pérez', 'Colombiano', '98765432-4'),
(90, 'María José', 'López', 'Peruana', '23456789-5'),
(91, 'Ignacio', 'Martínez', 'Chileno', '87654321-7'),
(92, 'Valentina', 'González', 'Argentina', '34567890-8'),
(93, 'Agustina', 'Sánchez', 'Uruguaya', '65432109-9'),
(94, 'Tomás', 'Rodríguez', 'Colombiana', '54321098-0'),
(95, 'Antonella', 'Fernández', 'Peruana', '98765432-5'),
(96, 'Santiago', 'Gómez', 'Chileno', '23456789-6'),
(97, 'Emilia', 'Pérez', 'Argentina', '87654321-8'),
(98, 'Benjamín', 'López', 'Uruguayo', '34567890-9'),
(99, 'Valentina', 'Martínez', 'Colombiana', '65432109-0'),
(100, 'Lucas', 'González', 'Peruana', '54321098-1');

insert into empleado (id, tipo, id_compania) values
(1, 'Piloto', 1),
(2, 'Copiloto', 1),
(3, 'Otros', 1),
(4, 'Piloto', 2),
(5, 'Copiloto', 2),
(6, 'Otros', 2),
(7, 'Piloto', 3),
(8, 'Copiloto', 3),
(9, 'Otros', 3),
(10, 'Piloto', 1),
(11, 'Copiloto', 1),
(12, 'Otros', 1),
(13, 'Piloto', 2),
(14, 'Copiloto', 2),
(15, 'Otros', 2),
(16, 'Piloto', 3),
(17, 'Copiloto', 3),
(18, 'Otros', 3),
(19, 'Piloto', 1),
(20, 'Copiloto', 1),
(21, 'Otros', 1),
(22, 'Piloto', 2),
(23, 'Copiloto', 2),
(24, 'Otros', 2),
(25, 'Piloto', 3),
(26, 'Copiloto', 3),
(27, 'Otros', 3),
(28, 'Piloto', 1),
(29, 'Copiloto', 1),
(30, 'Otros', 1),
(31, 'Piloto', 2),
(32, 'Copiloto', 2),
(33, 'Otros', 2),
(34, 'Piloto', 3),
(35, 'Copiloto', 3),
(36, 'Otros', 3),
(37, 'Piloto', 1),
(38, 'Copiloto', 1),
(39, 'Otros', 1),
(40, 'Piloto', 2),
(41, 'Copiloto', 2),
(42, 'Otros', 2),
(43, 'Piloto', 3),
(44, 'Copiloto', 3),
(45, 'Otros', 3),
(46, 'Piloto', 1),
(47, 'Copiloto', 1),
(48, 'Otros', 1),
(49, 'Piloto', 2),
(50, 'Copiloto', 2),
(51, 'Otros', 2),
(52, 'Piloto', 3),
(53, 'Copiloto', 3),
(54, 'Otros', 3),
(55, 'Piloto', 1),
(56, 'Copiloto', 1),
(57, 'Otros', 1),
(58, 'Piloto', 2),
(59, 'Copiloto', 2),
(60, 'Otros', 2),
(61, 'Piloto', 3),
(62, 'Copiloto', 3),
(63, 'Otros', 3),
(64, 'Piloto', 1),
(65, 'Copiloto', 1),
(66, 'Otros', 1),
(67, 'Piloto', 2),
(68, 'Copiloto', 2),
(69, 'Otros', 2),
(70, 'Piloto', 3),
(71, 'Copiloto', 3),
(72, 'Otros', 3),
(73, 'Piloto', 1),
(74, 'Copiloto', 1),
(75, 'Otros', 1),
(76, 'Piloto', 2),
(77, 'Copiloto', 2),
(78, 'Otros', 2),
(79, 'Piloto', 3),
(80, 'Copiloto', 3),
(81, 'Otros', 3),
(82, 'Piloto', 1),
(83, 'Copiloto', 1),
(84, 'Otros', 1),
(85, 'Piloto', 2),
(86, 'Copiloto', 2),
(87, 'Otros', 2),
(88, 'Piloto', 3),
(89, 'Copiloto', 3),
(90, 'Otros', 3),
(91, 'Piloto', 1),
(92, 'Copiloto', 1),
(93, 'Otros', 1),
(94, 'Piloto', 2),
(95, 'Copiloto', 2),
(96, 'Otros', 2),
(97, 'Piloto', 3),
(98, 'Copiloto', 3),
(99, 'Otros', 3),
(100, 'Piloto', 1);

insert into vuelo (id, numero, ingreso, id_empleado, id_avion, id_compania) values
(1, 1001, 15000.00, 1, 1, 1),
(2, 1002, 12000.00, 2, 2, 2),
(3, 1003, 13000.00, 3, 3, 3),
(4, 1004, 14000.00, 4, 4, 1),
(5, 1005, 11000.00, 5, 5, 2),
(6, 1006, 16000.00, 6, 6, 3),
(7, 1007, 17000.00, 7, 7, 1),
(8, 1008, 18000.00, 8, 8, 2),
(9, 1009, 19000.00, 9, 9, 3),
(10, 1010, 20000.00, 10, 10, 1),
(11, 1011, 21000.00, 11, 11, 2),
(12, 1012, 22000.00, 12, 12, 3),
(13, 1013, 23000.00, 13, 13, 1),
(14, 1014, 24000.00, 14, 14, 2),
(15, 1015, 25000.00, 15, 15, 3),
(16, 1016, 26000.00, 16, 16, 1),
(17, 1017, 27000.00, 17, 17, 2),
(18, 1018, 28000.00, 18, 18, 3),
(19, 1019, 29000.00, 19, 19, 1),
(20, 1020, 30000.00, 20, 20, 2),
(21, 1021, 31000.00, 21, 21, 3),
(22, 1022, 32000.00, 22, 22, 1),
(23, 1023, 33000.00, 23, 23, 2),
(24, 1024, 34000.00, 24, 24, 3),
(25, 1025, 35000.00, 25, 25, 1),
(26, 1026, 36000.00, 26, 26, 2),
(27, 1027, 37000.00, 27, 27, 3),
(28, 1028, 38000.00, 28, 28, 1),
(29, 1029, 39000.00, 29, 29, 2),
(30, 1030, 40000.00, 30, 30, 3),
(31, 1031, 41000.00, 1, 31, 1),
(32, 1032, 42000.00, 2, 32, 2),
(33, 1033, 43000.00, 3, 33, 3),
(34, 1034, 44000.00, 4, 34, 1),
(35, 1035, 45000.00, 5, 35, 2),
(36, 1036, 46000.00, 6, 36, 3),
(37, 1037, 47000.00, 7, 37, 1),
(38, 1038, 48000.00, 8, 38, 2),
(39, 1039, 49000.00, 9, 39, 3),
(40, 1040, 50000.00, 10, 40, 1),
(41, 1041, 51000.00, 11, 41, 2),
(42, 1042, 52000.00, 12, 42, 3),
(43, 1043, 53000.00, 13, 43, 1),
(44, 1044, 54000.00, 14, 44, 2),
(45, 1045, 55000.00, 15, 45, 3),
(46, 1046, 56000.00, 16, 46, 1),
(47, 1047, 57000.00, 17, 47, 2),
(48, 1048, 58000.00, 18, 48, 3),
(49, 1049, 59000.00, 19, 49, 1),
(50, 1050, 60000.00, 20, 50, 2),
(51, 1051, 61000.00, 21, 51, 3),
(52, 1052, 62000.00, 22, 52, 1),
(53, 1053, 63000.00, 23, 53, 2),
(54, 1054, 64000.00, 24, 54, 3),
(55, 1055, 65000.00, 25, 55, 1),
(56, 1056, 66000.00, 26, 56, 2),
(57, 1057, 67000.00, 27, 57, 3),
(58, 1058, 68000.00, 28, 58, 1),
(59, 1059, 69000.00, 29, 59, 2),
(60, 1060, 70000.00, 30, 60, 3),
(61, 1061, 71000.00, 1, 61, 1),
(62, 1062, 72000.00, 2, 62, 2),
(63, 1063, 73000.00, 3, 63, 3),
(64, 1064, 74000.00, 4, 64, 1),
(65, 1065, 75000.00, 5, 65, 2),
(66, 1066, 76000.00, 6, 66, 3),
(67, 1067, 77000.00, 7, 67, 1),
(68, 1068, 78000.00, 8, 68, 2),
(69, 1069, 79000.00, 9, 69, 3),
(70, 1070, 80000.00, 10, 70, 1),
(71, 1071, 81000.00, 11, 71, 2),
(72, 1072, 82000.00, 12, 72, 3),
(73, 1073, 83000.00, 13, 73, 1),
(74, 1074, 84000.00, 14, 74, 2),
(75, 1075, 85000.00, 15, 75, 3),
(76, 1076, 86000.00, 16, 76, 1),
(77, 1077, 87000.00, 17, 77, 2),
(78, 1078, 88000.00, 18, 78, 3),
(79, 1079, 89000.00, 19, 79, 1),
(80, 1080, 90000.00, 20, 80, 2),
(81, 1081, 91000.00, 21, 81, 3),
(82, 1082, 92000.00, 22, 82, 1),
(83, 1083, 93000.00, 23, 83, 2),
(84, 1084, 94000.00, 24, 84, 3),
(85, 1085, 95000.00, 25, 85, 1),
(86, 1086, 96000.00, 26, 86, 2),
(87, 1087, 97000.00, 27, 87, 3),
(88, 1088, 98000.00, 28, 1, 1),
(89, 1089, 99000.00, 29, 2, 2),
(90, 1090, 100000.00, 30, 3, 3),
(91, 1091, 101000.00, 1, 4, 1),
(92, 1092, 102000.00, 2, 5, 2),
(93, 1093, 103000.00, 3, 6, 3),
(94, 1094, 104000.00, 4, 7, 1),
(95, 1095, 105000.00, 5, 8, 2),
(96, 1096, 106000.00, 6, 9, 3),
(97, 1097, 107000.00, 7, 10, 1),
(98, 1098, 108000.00, 8, 11, 2),
(99, 1099, 109000.00, 9, 12, 3),
(100, 1100, 110000.00, 10, 13, 1);

insert into sueldo (id, cantidad, mes, ano, id_empleado) values
(1, 1500.00, 'Enero', '2024', 1),
(2, 1600.00, 'Febrero', '2024', 2),
(3, 1700.00, 'Marzo', '2024', 3),
(4, 1800.00, 'Abril', '2024', 4),
(5, 1900.00, 'Mayo', '2024', 5),
(6, 2000.00, 'Junio', '2024', 6),
(7, 2100.00, 'Julio', '2024', 7),
(8, 2200.00, 'Agosto', '2024', 8),
(9, 2300.00, 'Septiembre', '2024', 9),
(10, 2400.00, 'Octubre', '2024', 10),
(11, 2500.00, 'Noviembre', '2024', 11),
(12, 2600.00, 'Diciembre', '2024', 12),
(13, 1500.00, 'Enero', '2024', 13),
(14, 1600.00, 'Febrero', '2024', 14),
(15, 1700.00, 'Marzo', '2024', 15),
(16, 1800.00, 'Abril', '2024', 16),
(17, 1900.00, 'Mayo', '2024', 17),
(18, 2000.00, 'Junio', '2024', 18),
(19, 2100.00, 'Julio', '2024', 19),
(20, 2200.00, 'Agosto', '2024', 20),
(21, 2300.00, 'Septiembre', '2024', 21),
(22, 2400.00, 'Octubre', '2024', 22),
(23, 2500.00, 'Noviembre', '2024', 23),
(24, 2600.00, 'Diciembre', '2024', 24),
(25, 1500.00, 'Enero', '2024', 25),
(26, 1600.00, 'Febrero', '2024', 26),
(27, 1700.00, 'Marzo', '2024', 27),
(28, 1800.00, 'Abril', '2024', 28),
(29, 1900.00, 'Mayo', '2024', 29),
(30, 2000.00, 'Junio', '2024', 30),
(31, 2100.00, 'Julio', '2024', 31),
(32, 2200.00, 'Agosto', '2024', 32),
(33, 2300.00, 'Septiembre', '2024', 33),
(34, 2400.00, 'Octubre', '2024', 34),
(35, 2500.00, 'Noviembre', '2024', 35),
(36, 2600.00, 'Diciembre', '2024', 36),
(37, 1500.00, 'Enero', '2024', 37),
(38, 1600.00, 'Febrero', '2024', 38),
(39, 1700.00, 'Marzo', '2024', 39),
(40, 1800.00, 'Abril', '2024', 40),
(41, 1900.00, 'Mayo', '2024', 41),
(42, 2000.00, 'Junio', '2024', 42),
(43, 2100.00, 'Julio', '2024', 43),
(44, 2200.00, 'Agosto', '2024', 44),
(45, 2300.00, 'Septiembre', '2024', 45),
(46, 2400.00, 'Octubre', '2024', 46),
(47, 2500.00, 'Noviembre', '2024', 47),
(48, 2600.00, 'Diciembre', '2024', 48),
(49, 1500.00, 'Enero', '2024', 49),
(50, 1600.00, 'Febrero', '2024', 50),
(51, 1700.00, 'Marzo', '2024', 51),
(52, 1800.00, 'Abril', '2024', 52),
(53, 1900.00, 'Mayo', '2024', 53),
(54, 2000.00, 'Junio', '2024', 54),
(55, 2100.00, 'Julio', '2024', 55),
(56, 2200.00, 'Agosto', '2024', 56),
(57, 2300.00, 'Septiembre', '2024', 57),
(58, 2400.00, 'Octubre', '2024', 58),
(59, 2500.00, 'Noviembre', '2024', 59),
(60, 2600.00, 'Diciembre', '2024', 60),
(61, 1500.00, 'Enero', '2024', 61),
(62, 1600.00, 'Febrero', '2024', 62),
(63, 1700.00, 'Marzo', '2024', 63),
(64, 1800.00, 'Abril', '2024', 64),
(65, 1900.00, 'Mayo', '2024', 65),
(66, 2000.00, 'Junio', '2024', 66),
(67, 2100.00, 'Julio', '2024', 67),
(68, 2200.00, 'Agosto', '2024', 68),
(69, 2300.00, 'Septiembre', '2024', 69),
(70, 2400.00, 'Octubre', '2024', 70),
(71, 2500.00, 'Noviembre', '2024', 71),
(72, 2600.00, 'Diciembre', '2024', 72),
(73, 1500.00, 'Enero', '2024', 73),
(74, 1600.00, 'Febrero', '2024', 74),
(75, 1700.00, 'Marzo', '2024', 75),
(76, 1800.00, 'Abril', '2024', 76),
(77, 1900.00, 'Mayo', '2024', 77),
(78, 2000.00, 'Junio', '2024', 78),
(79, 2100.00, 'Julio', '2024', 79),
(80, 2200.00, 'Agosto', '2024', 80),
(81, 2300.00, 'Septiembre', '2024', 81),
(82, 2400.00, 'Octubre', '2024', 82),
(83, 2500.00, 'Noviembre', '2024', 83),
(84, 2600.00, 'Diciembre', '2024', 84),
(85, 1500.00, 'Enero', '2024', 85),
(86, 1600.00, 'Febrero', '2024', 86),
(87, 1700.00, 'Marzo', '2024', 87),
(88, 1800.00, 'Abril', '2024', 88),
(89, 1900.00, 'Mayo', '2024', 89),
(90, 2000.00, 'Junio', '2024', 90),
(91, 2100.00, 'Julio', '2024', 91),
(92, 2200.00, 'Agosto', '2024', 92),
(93, 2300.00, 'Septiembre', '2024', 93),
(94, 2400.00, 'Octubre', '2024', 94),
(95, 2500.00, 'Noviembre', '2024', 95),
(96, 2600.00, 'Diciembre', '2024', 96),
(97, 1500.00, 'Enero', '2024', 97),
(98, 1600.00, 'Febrero', '2024', 98),
(99, 1700.00, 'Marzo', '2024', 99),
(100, 1800.00, 'Abril', '2024', 100),
(101, 1900.00, 'Mayo', '2024', 1),
(102, 2000.00, 'Junio', '2024', 2),
(103, 2100.00, 'Julio', '2024', 3),
(104, 2200.00, 'Agosto', '2024', 4),
(105, 2300.00, 'Septiembre', '2024', 5),
(106, 2400.00, 'Octubre', '2024', 6),
(107, 2500.00, 'Noviembre', '2024', 7),
(108, 2600.00, 'Diciembre', '2024', 8),
(109, 1900.00, 'Mayo', '2024', 9),
(110, 2000.00, 'Junio', '2024', 10),
(111, 2100.00, 'Julio', '2024', 11),
(112, 2200.00, 'Agosto', '2024', 12),
(113, 2300.00, 'Septiembre', '2024', 13),
(114, 2400.00, 'Octubre', '2024', 14),
(115, 2500.00, 'Noviembre', '2024', 15),
(116, 2600.00, 'Diciembre', '2024', 16),
(117, 1900.00, 'Mayo', '2024', 17),
(118, 2000.00, 'Junio', '2024', 18),
(119, 2100.00, 'Julio', '2024', 19),
(120, 2200.00, 'Agosto', '2024', 20),
(121, 2300.00, 'Septiembre', '2024', 21),
(122, 2400.00, 'Octubre', '2024', 22),
(123, 2500.00, 'Noviembre', '2024', 23),
(124, 2600.00, 'Diciembre', '2024', 24),
(125, 1900.00, 'Mayo', '2024', 25),
(126, 2000.00, 'Junio', '2024', 26),
(127, 2100.00, 'Julio', '2024', 27),
(128, 2200.00, 'Agosto', '2024', 28),
(129, 2300.00, 'Septiembre', '2024', 29),
(130, 2400.00, 'Octubre', '2024', 30),
(131, 2500.00, 'Noviembre', '2024', 31),
(132, 2600.00, 'Diciembre', '2024', 32),
(133, 1900.00, 'Mayo', '2024', 33),
(134, 2000.00, 'Junio', '2024', 34),
(135, 2100.00, 'Julio', '2024', 35),
(136, 2200.00, 'Agosto', '2024', 36),
(137, 2300.00, 'Septiembre', '2024', 37),
(138, 2400.00, 'Octubre', '2024', 38),
(139, 2500.00, 'Noviembre', '2024', 39),
(140, 2600.00, 'Diciembre', '2024', 40),
(141, 1900.00, 'Mayo', '2024', 41),
(142, 2000.00, 'Junio', '2024', 42),
(143, 2100.00, 'Julio', '2024', 43),
(144, 2200.00, 'Agosto', '2024', 44),
(145, 2300.00, 'Septiembre', '2024', 45),
(146, 2400.00, 'Octubre', '2024', 46),
(147, 2500.00, 'Noviembre', '2024', 47),
(148, 2600.00, 'Diciembre', '2024', 48),
(149, 1900.00, 'Mayo', '2024', 49),
(150, 2000.00, 'Junio', '2024', 50),
(151, 2100.00, 'Julio', '2024', 51),
(152, 2200.00, 'Agosto', '2024', 52),
(153, 2300.00, 'Septiembre', '2024', 53),
(154, 2400.00, 'Octubre', '2024', 54),
(155, 2500.00, 'Noviembre', '2024', 55),
(156, 2600.00, 'Diciembre', '2024', 56),
(157, 1900.00, 'Mayo', '2024', 57),
(158, 2000.00, 'Junio', '2024', 58),
(159, 2100.00, 'Julio', '2024', 59),
(160, 2200.00, 'Agosto', '2024', 60),
(161, 2300.00, 'Septiembre', '2024', 61),
(162, 2400.00, 'Octubre', '2024', 62),
(163, 2500.00, 'Noviembre', '2024', 63),
(164, 2600.00, 'Diciembre', '2024', 64),
(165, 1900.00, 'Mayo', '2024', 65),
(166, 2000.00, 'Junio', '2024', 66),
(167, 2100.00, 'Julio', '2024', 67),
(168, 2200.00, 'Agosto', '2024', 68),
(169, 2300.00, 'Septiembre', '2024', 69),
(170, 2400.00, 'Octubre', '2024', 70),
(171, 2500.00, 'Noviembre', '2024', 71),
(172, 2600.00, 'Diciembre', '2024', 72),
(173, 1900.00, 'Mayo', '2024', 73),
(174, 2000.00, 'Junio', '2024', 74),
(175, 2100.00, 'Julio', '2024', 75),
(176, 2200.00, 'Agosto', '2024', 76),
(177, 2300.00, 'Septiembre', '2024', 77),
(178, 2400.00, 'Octubre', '2024', 78),
(179, 2500.00, 'Noviembre', '2024', 79),
(180, 2600.00, 'Diciembre', '2024', 80),
(181, 1900.00, 'Mayo', '2024', 81),
(182, 2000.00, 'Junio', '2024', 82),
(183, 2100.00, 'Julio', '2024', 83),
(184, 2200.00, 'Agosto', '2024', 84),
(185, 2300.00, 'Septiembre', '2024', 85),
(186, 2400.00, 'Octubre', '2024', 86),
(187, 2500.00, 'Noviembre', '2024', 87),
(188, 2600.00, 'Diciembre', '2024', 88),
(189, 1900.00, 'Mayo', '2024', 89),
(190, 2000.00, 'Junio', '2024', 90),
(191, 2100.00, 'Julio', '2024', 91),
(192, 2200.00, 'Agosto', '2024', 92),
(193, 2300.00, 'Septiembre', '2024', 93),
(194, 2400.00, 'Octubre', '2024', 94),
(195, 2500.00, 'Noviembre', '2024', 95),
(196, 2600.00, 'Diciembre', '2024', 96),
(197, 1900.00, 'Mayo', '2024', 97),
(198, 2000.00, 'Junio', '2024', 98),
(199, 2100.00, 'Julio', '2024', 99),
(200, 2200.00, 'Agosto', '2024', 100);

insert into pasaje (id, costo, fecha_inicio, fecha_termino, destino, id_vuelo, id_cliente) values
(1, 300.00, '2024-04-01 08:00:00', '2024-04-01 10:00:00', 'Nueva York', 1, 2),
(2, 200.00, '2024-04-02 09:00:00', '2024-04-02 11:00:00', 'París', 2, 3),
(3, 400.00, '2024-04-03 10:00:00', '2024-04-03 12:00:00', 'Tokio', 3, 4),
(4, 250.00, '2024-04-04 11:00:00', '2024-04-04 13:00:00', 'Londres', 4, 5),
(5, 350.00, '2024-04-05 12:00:00', '2024-04-05 14:00:00', 'Roma', 5, 6),
(6, 300.00, '2024-04-06 13:00:00', '2024-04-06 15:00:00', 'Sídney', 6, 7),
(7, 400.00, '2024-04-07 14:00:00', '2024-04-07 16:00:00', 'Madrid', 7, 8),
(8, 250.00, '2024-04-08 15:00:00', '2024-04-08 17:00:00', 'Ámsterdam', 8, 9),
(9, 350.00, '2024-04-09 16:00:00', '2024-04-09 18:00:00', 'Berlín', 9, 10),
(10, 300.00, '2024-04-10 17:00:00', '2024-04-10 19:00:00', 'Pekín', 10, 11),
(11, 310.00, '2024-04-11 18:00:00', '2024-04-11 20:00:00', 'Moscú', 11, 12),
(12, 220.00, '2024-04-12 19:00:00', '2024-04-12 21:00:00', 'Dubái', 12, 13),
(13, 420.00, '2024-04-13 20:00:00', '2024-04-13 22:00:00', 'Singapur', 13, 14),
(14, 270.00, '2024-04-14 21:00:00', '2024-04-14 23:00:00', 'Seúl', 14, 15),
(15, 380.00, '2024-04-15 22:00:00', '2024-04-15 00:00:00', 'Hong Kong', 15, 16),
(16, 320.00, '2024-04-16 23:00:00', '2024-04-17 01:00:00', 'Bangkok', 16, 17),
(17, 430.00, '2024-04-17 00:00:00', '2024-04-17 02:00:00', 'Estambul', 17, 18),
(18, 280.00, '2024-04-18 01:00:00', '2024-04-18 03:00:00', 'Ciudad del Cabo', 18, 19),
(19, 390.00, '2024-04-19 02:00:00', '2024-04-19 04:00:00', 'Toronto', 19, 20),
(20, 330.00, '2024-04-20 03:00:00', '2024-04-20 05:00:00', 'Los Ángeles', 20, 21),
(21, 440.00, '2024-04-21 04:00:00', '2024-04-21 06:00:00', 'Mumbai', 21, 22),
(22, 290.00, '2024-04-22 05:00:00', '2024-04-22 07:00:00', 'Sao Paulo', 22, 23),
(23, 400.00, '2024-04-23 06:00:00', '2024-04-23 08:00:00', 'Shanghái', 23, 24),
(24, 340.00, '2024-04-24 07:00:00', '2024-04-24 09:00:00', 'Chicago', 24, 25),
(25, 450.00, '2024-04-25 08:00:00', '2024-04-25 10:00:00', 'Barcelona', 25, 26),
(26, 300.00, '2024-04-26 09:00:00', '2024-04-26 11:00:00', 'Moscú', 26, 27),
(27, 410.00, '2024-04-27 10:00:00', '2024-04-27 12:00:00', 'Dubái', 27, 28),
(28, 260.00, '2024-04-28 11:00:00', '2024-04-28 13:00:00', 'Londres', 28, 29),
(29, 370.00, '2024-04-29 12:00:00', '2024-04-29 14:00:00', 'Los Ángeles', 29, 30),
(30, 320.00, '2024-04-30 13:00:00', '2024-04-30 15:00:00', 'París', 30, 31),
(31, 430.00, '2024-05-01 14:00:00', '2024-05-01 16:00:00', 'Nueva York', 31, 32),
(32, 280.00, '2024-05-02 15:00:00', '2024-05-02 17:00:00', 'Moscú', 32, 33),
(33, 390.00, '2024-05-03 16:00:00', '2024-05-03 18:00:00', 'Sídney', 33, 34),
(34, 340.00, '2024-05-04 17:00:00', '2024-05-04 19:00:00', 'Roma', 34, 35),
(35, 450.00, '2024-05-05 18:00:00', '2024-05-05 20:00:00', 'San Francisco', 35, 36),
(36, 300.00, '2024-05-06 19:00:00', '2024-05-06 21:00:00', 'Seúl', 36, 37),
(37, 410.00, '2024-05-07 20:00:00', '2024-05-07 22:00:00', 'Shanghái', 37, 38),
(38, 260.00, '2024-05-08 21:00:00', '2024-05-08 23:00:00', 'Sao Paulo', 38, 39),
(39, 370.00, '2024-05-09 22:00:00', '2024-05-09 00:00:00', 'Singapur', 39, 40),
(40, 320.00, '2024-05-10 23:00:00', '2024-05-11 01:00:00', 'Estambul', 40, 41),
(41, 430.00, '2024-05-11 00:00:00', '2024-05-11 02:00:00', 'Sídney', 41, 42),
(42, 280.00, '2024-05-12 01:00:00', '2024-05-12 03:00:00', 'Roma', 42, 43),
(43, 390.00, '2024-05-13 02:00:00', '2024-05-13 04:00:00', 'San Francisco', 43, 44),
(44, 340.00, '2024-05-14 03:00:00', '2024-05-14 05:00:00', 'Seúl', 44, 45),
(45, 450.00, '2024-05-15 04:00:00', '2024-05-15 06:00:00', 'Shanghái', 45, 45),
(46, 300.00, '2024-05-16 05:00:00', '2024-05-16 07:00:00', 'Sao Paulo', 46, 47),
(47, 410.00, '2024-05-17 06:00:00', '2024-05-17 08:00:00', 'Singapur', 47, 48),
(48, 260.00, '2024-05-18 07:00:00', '2024-05-18 09:00:00', 'Estambul', 48, 49),
(49, 370.00, '2024-05-19 08:00:00', '2024-05-19 10:00:00', 'Sídney', 49, 50),
(50, 320.00, '2024-05-20 09:00:00', '2024-05-20 11:00:00', 'Sídney', 50, 51),
(51, 430.00, '2024-05-21 10:00:00', '2024-05-21 12:00:00', 'Sídney', 51, 52),
(52, 280.00, '2024-05-22 11:00:00', '2024-05-22 13:00:00', 'Sídney', 52, 53),
(53, 390.00, '2024-05-23 12:00:00', '2024-05-23 14:00:00', 'Sídney', 53, 54),
(54, 340.00, '2024-05-24 13:00:00', '2024-05-24 15:00:00', 'Sídney', 54, 55),
(55, 450.00, '2024-05-25 14:00:00', '2024-05-25 16:00:00', 'Sídney', 55, 56),
(56, 300.00, '2024-05-26 15:00:00', '2024-05-26 17:00:00', 'Sídney', 56, 57),
(57, 410.00, '2024-05-27 16:00:00', '2024-05-27 18:00:00', 'Sídney', 57, 58),
(58, 260.00, '2024-05-28 17:00:00', '2024-05-28 19:00:00', 'Sídney', 58, 59),
(59, 370.00, '2024-05-29 18:00:00', '2024-05-29 20:00:00', 'Sídney', 59, 60),
(60, 320.00, '2024-05-30 19:00:00', '2024-05-30 21:00:00', 'Sídney', 60, 61),
(61, 430.00, '2024-05-31 20:00:00', '2024-05-31 22:00:00', 'Sídney', 61, 62),
(62, 280.00, '2024-06-01 21:00:00', '2024-06-01 23:00:00', 'Sídney', 62, 63),
(63, 390.00, '2024-06-02 22:00:00', '2024-06-02 00:00:00', 'Sídney', 63, 64),
(64, 340.00, '2024-06-03 23:00:00', '2024-06-04 01:00:00', 'Sídney', 64, 65),
(65, 450.00, '2024-06-04 00:00:00', '2024-06-04 02:00:00', 'Sídney', 65, 66),
(66, 300.00, '2024-06-05 01:00:00', '2024-06-05 03:00:00', 'Sídney', 66, 67),
(67, 410.00, '2024-06-06 02:00:00', '2024-06-06 04:00:00', 'Sídney', 67, 68),
(68, 260.00, '2024-06-07 03:00:00', '2024-06-07 05:00:00', 'Sídney', 68, 69),
(69, 370.00, '2024-06-08 04:00:00', '2024-06-08 06:00:00', 'Sídney', 69, 70),
(70, 320.00, '2024-06-09 05:00:00', '2024-06-09 07:00:00', 'Sídney', 70, 71),
(71, 430.00, '2024-06-10 06:00:00', '2024-06-10 08:00:00', 'Sídney', 71, 72),
(72, 280.00, '2024-06-11 07:00:00', '2024-06-11 09:00:00', 'Sídney', 72, 73),
(73, 390.00, '2024-06-12 08:00:00', '2024-06-12 10:00:00', 'Sídney', 73, 74),
(74, 340.00, '2024-06-13 09:00:00', '2024-06-13 11:00:00', 'Sídney', 74, 75),
(75, 450.00, '2024-06-14 10:00:00', '2024-06-14 12:00:00', 'Sídney', 75, 76),
(76, 300.00, '2024-06-15 11:00:00', '2024-06-15 13:00:00', 'Sídney', 76, 77),
(77, 410.00, '2024-06-16 12:00:00', '2024-06-16 14:00:00', 'Sídney', 77, 78),
(78, 260.00, '2024-06-17 13:00:00', '2024-06-17 15:00:00', 'Sídney', 78, 79),
(79, 370.00, '2024-06-18 14:00:00', '2024-06-18 16:00:00', 'Sídney', 79, 80),
(80, 320.00, '2024-06-19 15:00:00', '2024-06-19 17:00:00', 'Sídney', 80, 81),
(81, 430.00, '2024-06-20 16:00:00', '2024-06-20 18:00:00', 'Sídney', 1, 82),
(82, 280.00, '2024-06-21 17:00:00', '2024-06-21 19:00:00', 'Sídney', 2, 83),
(83, 390.00, '2024-06-22 18:00:00', '2024-06-22 20:00:00', 'Sídney', 3, 84),
(84, 340.00, '2024-06-23 19:00:00', '2024-06-23 21:00:00', 'Sídney', 4, 85),
(85, 450.00, '2024-06-24 20:00:00', '2024-06-24 22:00:00', 'Sídney', 5, 86),
(86, 300.00, '2024-06-25 21:00:00', '2024-06-25 23:00:00', 'Sídney', 6, 87),
(87, 410.00, '2024-06-26 22:00:00', '2024-06-26 00:00:00', 'Sídney', 7, 88),
(88, 260.00, '2024-06-27 23:00:00', '2024-06-28 01:00:00', 'Sídney', 8, 89),
(89, 370.00, '2024-06-28 00:00:00', '2024-06-28 02:00:00', 'Sídney', 9, 90),
(90, 320.00, '2024-06-29 01:00:00', '2024-06-29 03:00:00', 'Sídney', 10, 91),
(91, 430.00, '2024-06-30 02:00:00', '2024-06-30 04:00:00', 'Sídney', 11, 92),
(92, 280.00, '2024-07-01 03:00:00', '2024-07-01 05:00:00', 'Sídney', 12, 93),
(93, 390.00, '2024-07-02 04:00:00', '2024-07-02 06:00:00', 'Sídney', 13, 94),
(94, 340.00, '2024-07-03 05:00:00', '2024-07-03 07:00:00', 'Sídney', 14, 95),
(95, 450.00, '2024-07-04 06:00:00', '2024-07-04 08:00:00', 'Sídney', 15, 96),
(96, 300.00, '2024-07-05 07:00:00', '2024-07-05 09:00:00', 'Sídney', 16, 97),
(97, 410.00, '2024-07-06 08:00:00', '2024-07-06 10:00:00', 'Sídney', 17, 98),
(98, 260.00, '2024-07-07 09:00:00', '2024-07-07 11:00:00', 'Sídney', 18, 99),
(99, 370.00, '2024-07-08 10:00:00', '2024-07-08 12:00:00', 'Sídney', 19, 2),
(100, 320.00,'2024-07-09 11:00:00', '2024-07-09 13:00:00', 'Sídney', 20, 1),
(101, 430.00, '2024-07-10 12:00:00', '2024-07-10 14:00:00', 'Sídney', 21, 2),
(102, 280.00, '2024-07-11 13:00:00', '2024-07-11 15:00:00', 'Sídney', 22, 3),
(103, 390.00, '2024-07-12 14:00:00', '2024-07-12 16:00:00', 'Sídney', 23, 4),
(104, 340.00, '2024-07-13 15:00:00', '2024-07-13 17:00:00', 'Sídney', 24, 5),
(105, 450.00, '2024-07-14 16:00:00', '2024-07-14 18:00:00', 'Sídney', 25, 6),
(106, 300.00, '2024-07-15 17:00:00', '2024-07-15 19:00:00', 'Sídney', 26, 7),
(107, 410.00, '2024-07-16 18:00:00', '2024-07-16 20:00:00', 'Sídney', 27, 8),
(108, 260.00, '2024-07-17 19:00:00', '2024-07-17 21:00:00', 'Sídney', 28, 9),
(109, 370.00, '2024-07-18 20:00:00', '2024-07-18 22:00:00', 'Sídney', 29, 10),
(110, 320.00, '2024-07-19 21:00:00', '2024-07-19 23:00:00', 'Sídney', 30, 11),
(111, 430.00, '2024-07-20 22:00:00', '2024-07-20 00:00:00', 'Sídney', 31, 12),
(112, 280.00, '2024-07-21 23:00:00', '2024-07-22 01:00:00', 'Sídney', 32, 13),
(113, 390.00, '2024-07-22 00:00:00', '2024-07-22 02:00:00', 'Sídney', 33, 14),
(114, 340.00, '2024-07-23 01:00:00', '2024-07-23 03:00:00', 'Sídney', 34, 15),
(115, 450.00, '2024-07-24 02:00:00', '2024-07-24 04:00:00', 'Sídney', 35, 16),
(116, 300.00, '2024-07-25 03:00:00', '2024-07-25 05:00:00', 'Sídney', 36, 17),
(117, 410.00, '2024-07-26 04:00:00', '2024-07-26 06:00:00', 'Sídney', 37, 18),
(118, 260.00, '2024-07-27 05:00:00', '2024-07-27 07:00:00', 'Sídney', 38, 19),
(119, 370.00, '2024-07-28 06:00:00', '2024-07-28 08:00:00', 'Sídney', 39, 20),
(120, 320.00, '2024-07-29 07:00:00', '2024-07-29 09:00:00', 'Sídney', 40, 21),
(121, 430.00, '2024-07-30 08:00:00', '2024-07-30 10:00:00', 'Sídney', 41, 22),
(122, 280.00, '2024-07-31 09:00:00', '2024-07-31 11:00:00', 'Sídney', 42, 23),
(123, 390.00, '2024-08-01 10:00:00', '2024-08-01 12:00:00', 'Sídney', 43, 24),
(124, 340.00, '2024-08-02 11:00:00', '2024-08-02 13:00:00', 'Sídney', 44, 25),
(125, 450.00, '2024-08-03 12:00:00', '2024-08-03 14:00:00', 'Sídney', 45, 26),
(126, 300.00, '2024-08-04 13:00:00', '2024-08-04 15:00:00', 'Sídney', 46, 27),
(127, 410.00, '2024-08-05 14:00:00', '2024-08-05 16:00:00', 'Sídney', 47, 28),
(128, 260.00, '2024-08-06 15:00:00', '2024-08-06 17:00:00', 'Sídney', 48, 29),
(129, 370.00, '2024-08-07 16:00:00', '2024-08-07 18:00:00', 'Sídney', 49, 30),
(130, 320.00, '2024-08-08 17:00:00', '2024-08-08 19:00:00', 'Sídney', 50, 31),
(131, 430.00, '2024-08-09 18:00:00', '2024-08-09 20:00:00', 'Sídney', 51, 32),
(132, 280.00, '2024-08-10 19:00:00', '2024-08-10 21:00:00', 'Sídney', 52, 33),
(133, 390.00, '2024-08-11 20:00:00', '2024-08-11 22:00:00', 'Sídney', 53, 34),
(134, 340.00, '2024-08-12 21:00:00', '2024-08-12 23:00:00', 'Sídney', 54, 35),
(135, 450.00, '2024-08-13 22:00:00', '2024-08-14 00:00:00', 'Sídney', 55, 36),
(136, 300.00, '2024-08-14 23:00:00', '2024-08-15 01:00:00', 'Sídney', 56, 37),
(137, 410.00, '2024-08-16 00:00:00', '2024-08-16 02:00:00', 'Sídney', 57, 38),
(138, 260.00, '2024-08-17 01:00:00', '2024-08-17 03:00:00', 'Sídney', 58, 39),
(139, 370.00, '2024-08-18 02:00:00', '2024-08-18 04:00:00', 'Sídney', 59, 40),
(140, 320.00, '2024-08-19 03:00:00', '2024-08-19 05:00:00', 'Sídney', 60, 41),
(141, 430.00, '2024-08-20 04:00:00', '2024-08-20 06:00:00', 'Sídney', 61, 42),
(142, 280.00, '2024-08-21 05:00:00', '2024-08-21 07:00:00', 'Sídney', 62, 43),
(143, 390.00, '2024-08-22 06:00:00', '2024-08-22 08:00:00', 'Sídney', 63, 44),
(144, 340.00, '2024-08-23 07:00:00', '2024-08-23 09:00:00', 'Sídney', 64, 45),
(145, 450.00, '2024-08-24 08:00:00', '2024-08-24 10:00:00', 'Sídney', 65, 46),
(146, 300.00, '2024-08-25 09:00:00', '2024-08-25 11:00:00', 'Sídney', 66, 47),
(147, 410.00, '2024-08-26 10:00:00', '2024-08-26 12:00:00', 'Sídney', 67, 48),
(148, 260.00, '2024-08-27 11:00:00', '2024-08-27 13:00:00', 'Sídney', 68, 49),
(149, 370.00, '2024-08-28 12:00:00', '2024-08-28 14:00:00', 'Sídney', 69, 50),
(150, 320.00, '2024-08-29 13:00:00', '2024-08-29 15:00:00', 'Sídney', 70, 51),
(151, 430.00, '2024-08-30 14:00:00', '2024-08-30 16:00:00', 'Sídney', 71, 52),
(152, 280.00, '2024-08-31 15:00:00', '2024-08-31 17:00:00', 'Sídney', 72, 53),
(153, 390.00, '2024-09-01 16:00:00', '2024-09-01 18:00:00', 'Sídney', 73, 54),
(154, 340.00, '2024-09-02 17:00:00', '2024-09-02 19:00:00', 'Sídney', 74, 55),
(155, 450.00, '2024-09-03 18:00:00', '2024-09-03 20:00:00', 'Sídney', 75, 56),
(156, 300.00, '2024-09-04 19:00:00', '2024-09-04 21:00:00', 'Sídney', 76, 57),
(157, 410.00, '2024-09-05 20:00:00', '2024-09-05 22:00:00', 'Sídney', 77, 58),
(158, 260.00, '2024-09-06 21:00:00', '2024-09-06 23:00:00', 'Sídney', 78, 59),
(159, 370.00, '2024-09-07 22:00:00', '2024-09-07 00:00:00', 'Sídney', 79, 60),
(160, 320.00, '2024-09-08 23:00:00', '2024-09-09 01:00:00', 'Sídney', 80, 61),
(161, 430.00, '2024-09-10 00:00:00', '2024-09-10 02:00:00', 'Sídney', 1, 62),
(162, 280.00, '2024-09-11 01:00:00', '2024-09-11 03:00:00', 'Sídney', 2, 63),
(163, 390.00, '2024-09-12 02:00:00', '2024-09-12 04:00:00', 'Sídney', 3, 64),
(164, 340.00, '2024-09-13 03:00:00', '2024-09-13 05:00:00', 'Sídney', 4, 65),
(165, 450.00, '2024-09-14 04:00:00', '2024-09-14 06:00:00', 'Sídney', 5, 66),
(166, 300.00, '2024-09-15 05:00:00', '2024-09-15 07:00:00', 'Sídney', 6, 67),
(167, 410.00, '2024-09-16 06:00:00', '2024-09-16 08:00:00', 'Sídney', 7, 68),
(168, 260.00, '2024-09-17 07:00:00', '2024-09-17 09:00:00', 'Sídney', 8, 69),
(169, 370.00, '2024-09-18 08:00:00', '2024-09-18 10:00:00', 'Sídney', 9, 70),
(170, 320.00, '2024-09-19 09:00:00', '2024-09-19 11:00:00', 'Sídney', 10, 71),
(171, 430.00, '2024-09-20 10:00:00', '2024-09-20 12:00:00', 'Sídney', 11, 72),
(172, 280.00, '2024-09-21 11:00:00', '2024-09-21 13:00:00', 'Sídney', 12, 73),
(173, 390.00, '2024-09-22 12:00:00', '2024-09-22 14:00:00', 'Sídney', 13, 74),
(174, 340.00, '2024-09-23 13:00:00', '2024-09-23 15:00:00', 'Sídney', 14, 75),
(175, 450.00, '2024-09-24 14:00:00', '2024-09-24 16:00:00', 'Sídney', 15, 76),
(176, 300.00, '2024-09-25 15:00:00', '2024-09-25 17:00:00', 'Sídney', 16, 77),
(177, 410.00, '2024-09-26 16:00:00', '2024-09-26 18:00:00', 'Sídney', 17, 78),
(178, 260.00, '2024-09-27 17:00:00', '2024-09-27 19:00:00', 'Sídney', 18, 79),
(179, 370.00, '2024-09-28 18:00:00', '2024-09-28 20:00:00', 'Sídney', 19, 80),
(180, 320.00, '2024-09-29 19:00:00', '2024-09-29 21:00:00', 'Sídney', 20, 81),
(181, 430.00, '2024-09-30 20:00:00', '2024-09-30 22:00:00', 'Sídney', 21, 82),
(182, 280.00, '2024-10-01 21:00:00', '2024-10-01 23:00:00', 'Sídney', 22, 83),
(183, 390.00, '2024-10-02 22:00:00', '2024-10-03 00:00:00', 'Sídney', 23, 84),
(184, 340.00, '2024-10-03 23:00:00', '2024-10-04 01:00:00', 'Sídney', 24, 85),
(185, 450.00, '2024-10-05 00:00:00', '2024-10-05 02:00:00', 'Sídney', 25, 86),
(186, 300.00, '2024-10-06 01:00:00', '2024-10-06 03:00:00', 'Sídney', 26, 87),
(187, 410.00, '2024-10-07 02:00:00', '2024-10-07 04:00:00', 'Sídney', 27, 88),
(188, 260.00, '2024-10-08 03:00:00', '2024-10-08 05:00:00', 'Sídney', 28, 89),
(189, 370.00, '2024-10-09 04:00:00', '2024-10-09 06:00:00', 'Sídney', 29, 90),
(190, 320.00, '2024-10-10 05:00:00', '2024-10-10 07:00:00', 'Sídney', 30, 91),
(191, 430.00, '2024-10-11 06:00:00', '2024-10-11 08:00:00', 'Sídney', 31, 92),
(192, 280.00, '2024-10-12 07:00:00', '2024-10-12 09:00:00', 'Sídney', 32, 93),
(193, 390.00, '2024-10-13 08:00:00', '2024-10-13 10:00:00', 'Sídney', 33, 94),
(194, 340.00, '2024-10-14 09:00:00', '2024-10-14 11:00:00', 'Sídney', 34, 95),
(195, 450.00, '2024-10-15 10:00:00', '2024-10-15 12:00:00', 'Sídney', 35, 96),
(196, 300.00, '2024-10-16 11:00:00', '2024-10-16 13:00:00', 'Sídney', 36, 97),
(197, 410.00, '2024-10-17 12:00:00', '2024-10-17 14:00:00', 'Sídney', 37, 98),
(198, 260.00, '2024-10-18 13:00:00', '2024-10-18 15:00:00', 'Sídney', 38, 99),
(199, 370.00, '2024-10-19 14:00:00', '2024-10-19 16:00:00', 'Sídney', 39, 100),
(200, 320.00, '2024-10-20 15:00:00', '2024-10-20 17:00:00', 'Sídney', 40, 1);

insert into seccion (id, tipo, id_pasaje) values
(1,	1,	142),
(2,	3,	88),
(3,	3,	32),
(4,	1,	74),
(5,	4,	99),
(6,	1,	45),
(7,	4,	135),
(8,	1,	125),
(9,	3,	142),
(10,	3,	101),
(11,	3,	42),
(12,	3,	72),
(13,	1,	154),
(14,	2,	124),
(15,	1,	105),
(16,	4,	68),
(17,	4,	39),
(18,	2,	173),
(19,	3,	111),
(20,	4,	147),
(21,	3,	152),
(22,	2,	165),
(23,	1,	164),
(24,	2,	105),
(25,	2,	8),
(26,	4,	199),
(27,	2,	114),
(28,	2,	91),
(29,	1,	198),
(30,	4,	27),
(31,	4,	29),
(32,	4,	170),
(33,	4,	22),
(34,	1,	177),
(35,	1,	14),
(36,	4,	130),
(37,	1,	101),
(38,	2,	166),
(39,	2,	126),
(40,	1,	44),
(41,	2,	32),
(42,	1,	73),
(43,	4,	180),
(44,	2,	35),
(45,	2,	48),
(46,	1,	199),
(47,	2,	71),
(48,	4,	170),
(49,	4,	97),
(50,	1,	81),
(51,	4,	83),
(52,	4,	24),
(53,	3,	63),
(54,	1,	58),
(55,	4,	178),
(56,	3,	32),
(57,	3,	161),
(58,	2,	52),
(59,	1,	40),
(60,	4,	99),
(61,	2,	162),
(62,	2,	150),
(63,	4,	46),
(64,	1,	7),
(65,	1,	164),
(66,	3,	96),
(67,	2,	131),
(68,	4,	89),
(69,	1,	155),
(70,	3,	170),
(71,	1,	7),
(72,	4,	53),
(73,	1,	146),
(74,	2,	154),
(75,	1,	94),
(76,	2,	107),
(77,	3,	121),
(78,	4,	183),
(79,	1,	181),
(80,	2,	151),
(81,	1,	155),
(82,	1,	57),
(83,	2,	91),
(84,	3,	149),
(85,	4,	59),
(86,	2,	128),
(87,	3,	196),
(88,	2,	63),
(89,	3,	161),
(90,	3,	113),
(91,	3,	188),
(92,	4,	93),
(93,	3,	127),
(94,	2,	37),
(95,	2,	150),
(96,	2,	104),
(97,	1,	37),
(98,	2,	177),
(99,	4,	198),
(100,	3,	47),
(101,	4,	126),
(102,	2,	91),
(103,	4,	121),
(104,	4,	164),
(105,	2,	192),
(106,	3,	118),
(107,	3,	77),
(108,	3,	123),
(109,	4,	199),
(110,	2,	26),
(111,	1,	83),
(112,	4,	142),
(113,	3,	15),
(114,	1,	117),
(115,	1,	147),
(116,	2,	157),
(117,	3,	131),
(118,	2,	29),
(119,	4,	127),
(120,	1,	171),
(121,	4,	20),
(122,	3,	121),
(123,	4,	129),
(124,	4,	165),
(125,	2,	93),
(126,	3,	195),
(127,	1,	32),
(128,	3,	97),
(129,	3,	46),
(130,	3,	73),
(131,	3,	89),
(132,	2,	14),
(133,	1,	38),
(134,	1,	66),
(135,	3,	17),
(136,	3,	123),
(137,	2,	147),
(138,	3,	189),
(139,	4,	94),
(140,	2,	116),
(141,	1,	19),
(142,	2,	10),
(143,	1,	19),
(144,	3,	66),
(145,	2,	117),
(146,	1,	119),
(147,	2,	126),
(148,	4,	11),
(149,	3,	141),
(150,	3,	146),
(151,	4,	56),
(152,	2,	100),
(153,	4,	77),
(154,	4,	147),
(155,	4,	109),
(156,	3,	144),
(157,	2,	32),
(158,	2,	200),
(159,	2,	10),
(160,	4,	155),
(161,	2,	41),
(162,	3,	55),
(163,	2,	149),
(164,	3,	134),
(165,	2,	198),
(166,	4,	182),
(167,	4,	14),
(168,	2,	5),
(169,	3,	180),
(170,	2,	111),
(171,	4,	137),
(172,	4,	39),
(173,	1,	49),
(174,	1,	92),
(175,	2,	181),
(176,	4,	195),
(177,	2,	52),
(178,	4,	152),
(179,	3,	142),
(180,	4,	25),
(181,	3,	79),
(182,	1,	17),
(183,	2,	1),
(184,	4,	153),
(185,	3,	68),
(186,	3,	182),
(187,	1,	166),
(188,	3,	157),
(189,	1,	58),
(190,	2,	140),
(191,	2,	90),
(192,	4,	76),
(193,	4,	101),
(194,	4,	178),
(195,	2,	64),
(196,	2,	11),
(197,	3,	94),
(198,	2,	37),
(199,	3,	58),
(200,	4,	156);